{"manifestVersion":"1.1","info":{"id":"27888a6a-25c8-4075-80a5-ee31eefa6d9c,version=1.12","manifestType":"Extension"},"packages":[{"id":"Component.27888a6a-25c8-4075-80a5-ee31eefa6d9c","version":"1.12","type":"Component","extension":true,"dependencies":{"27888a6a-25c8-4075-80a5-ee31eefa6d9c":"1.12","Microsoft.VisualStudio.Component.CoreEditor":"[16.0,17.0)"},"localizedResources":[{"language":"en-US","title":".NET Reactor Visual Studio Automation Add-in","description":".NET Reactor Visual Studio Automation Package"}]},{"id":"27888a6a-25c8-4075-80a5-ee31eefa6d9c","version":"1.12","type":"Vsix","payloads":[{"fileName":"dotNETReactorVSPackage.vsix","size":60611}],"vsixId":"27888a6a-25c8-4075-80a5-ee31eefa6d9c","extensionDir":"[installdir]\\Common7\\IDE\\Extensions\\ie4nlzec.kar","installSizes":{"targetDrive":565563}}]}