{"manifestVersion":"1.1","info":{"id":"27888a6a-25c8-4075-80a5-ee31eefa6d9c,version=1.13","manifestType":"Extension"},"packages":[{"id":"Component.27888a6a-25c8-4075-80a5-ee31eefa6d9c","version":"1.13","type":"Component","extension":true,"dependencies":{"27888a6a-25c8-4075-80a5-ee31eefa6d9c":"1.13","Microsoft.VisualStudio.Component.CoreEditor":"[17.0,18.0)"},"localizedResources":[{"language":"en-US","title":".NET Reactor Visual Studio Automation Add-in","description":".NET Reactor Visual Studio Automation Package"}]},{"id":"27888a6a-25c8-4075-80a5-ee31eefa6d9c","version":"1.13","type":"Vsix","payloads":[{"fileName":"dotNETReactorVSPackage.vsix","size":68015}],"vsixId":"27888a6a-25c8-4075-80a5-ee31eefa6d9c","extensionDir":"[installdir]\\Common7\\IDE\\Extensions\\xuh2z1yn.v41","installSizes":{"targetDrive":534045}}]}